{
    "sel_features": {
        "LR": {
            "K215_A_D1": 0.4064930672979371,
            "K215_A_D5": 0.40875071963154863,
            "K215_A_D7": 0.30739045127534337,
            "K215_B_D2": 0.174692793091996,
            "K215_B_D4": 0.4714375392341494,
            "K215_B_D8": 0.6691467100674262,
            "K223_A_D1": 0.1480427046263345,
            "K223_A_D4": 0.4964871194379391,
            "K223_A_D7": 0.4786885245901639,
            "K223_B_D2": 0.3396111786148238,
            "K223_B_D5": 0.47565392354124747,
            "K223_B_D8": 0.49835418038183016,
            "K227_A_D1": 0.3436492585428756,
            "K227_A_D4": 0.17061611374407584,
            "K227_A_D7": 0.37037037037037035,
            "K227_B_D2": 0.23105070569785677,
            "K227_B_D5": 0.2951388888888889,
            "K227_B_D8": 0.3031674208144796,
            "K228_A_D1": 0.2857142857142857,
            "K228_A_D4": 0.32831001076426264,
            "K228_A_D7": 0.28089128966914245,
            "K228_B_D2": 0.11070110701107011,
            "K228_B_D5": 0.20081411126187246,
            "K228_B_D8": 0.44099173553719007,
            "K232_A_D4": 0.062134173795587576,
            "K232_A_D7": 0.333427045262862,
            "K232_B_D2": 0.13240418118466898,
            "K232_B_D5": 0.13398058252427184,
            "K232_B_D8": 0.19810633648943918
        },
        "SVM": {
            "K215_A_D1": 0.40771533089457934,
            "K215_A_D5": 0.4077669902912621,
            "K215_A_D7": 0.30412034009156313,
            "K215_B_D2": 0.17576564580559254,
            "K215_B_D4": 0.4704418170504045,
            "K215_B_D8": 0.669442516770761,
            "K223_A_D1": 0.14080656185919344,
            "K223_A_D4": 0.5020048115477145,
            "K223_A_D7": 0.48170326014637393,
            "K223_B_D2": 0.34093637454981995,
            "K223_B_D5": 0.47467092142002393,
            "K223_B_D8": 0.4962504075643952,
            "K227_A_D1": 0.34368,
            "K227_A_D4": 0.17088607594936708,
            "K227_A_D7": 0.3613193403298351,
            "K227_B_D2": 0.22895277207392198,
            "K227_B_D5": 0.2847495779403489,
            "K227_B_D8": 0.30173864273696016,
            "K228_A_D1": 0.3826086956521739,
            "K228_A_D4": 0.32186341979883537,
            "K228_A_D7": 0.2736220472440945,
            "K228_B_D2": 0.10416666666666667,
            "K228_B_D5": 0.1992619926199262,
            "K228_B_D8": 0.4393139841688654,
            "K232_A_D4": 0.060816681146828845,
            "K232_A_D7": 0.3333333333333333,
            "K232_B_D2": 0.12121212121212122,
            "K232_B_D5": 0.12962962962962962,
            "K232_B_D8": 0.1970909090909091
        },
        "RF": {
            "K215_A_D1": 0.7965909090909091,
            "K215_A_D5": 0.7773520647083866,
            "K215_A_D7": 0.7262135922330097,
            "K215_B_D2": 0.7728813559322034,
            "K215_B_D4": 0.8171104321257093,
            "K215_B_D8": 0.908219868885527,
            "K223_A_D1": 0.7972972972972973,
            "K223_A_D4": 0.8287167891464104,
            "K223_A_D7": 0.8301567132570945,
            "K223_B_D2": 0.7244488977955912,
            "K223_B_D5": 0.8267170762444864,
            "K223_B_D8": 0.8266183793571752,
            "K227_A_D1": 0.796149490373726,
            "K227_A_D4": 0.779510022271715,
            "K227_A_D7": 0.5874285714285714,
            "K227_B_D2": 0.80248833592535,
            "K227_B_D5": 0.5746652935118435,
            "K227_B_D8": 0.8307254623044097,
            "K228_A_D1": 0.72,
            "K228_A_D4": 0.8411910669975186,
            "K228_A_D7": 0.7528089887640449,
            "K228_B_D2": 0.6206896551724138,
            "K228_B_D5": 0.6920222634508348,
            "K228_B_D8": 0.7857142857142857,
            "K232_A_D4": 0.48484848484848486,
            "K232_A_D7": 0.7432915921288015,
            "K232_B_D2": 0.34234234234234234,
            "K232_B_D5": 0.46853146853146854,
            "K232_B_D8": 0.7642276422764228
        },
        "XGB": {
            "K215_A_D1": 0.8051341890315052,
            "K215_A_D5": 0.8170403587443946,
            "K215_A_D7": 0.8147622427253371,
            "K215_B_D2": 0.7516483516483516,
            "K215_B_D4": 0.8492392807745505,
            "K215_B_D8": 0.9200603318250377,
            "K223_A_D1": 0.9343629343629344,
            "K223_A_D4": 0.8873563218390804,
            "K223_A_D7": 0.901840490797546,
            "K223_B_D2": 0.8354876615746181,
            "K223_B_D5": 0.8776041666666666,
            "K223_B_D8": 0.8935960591133005,
            "K227_A_D1": 0.8556461001164144,
            "K227_A_D4": 0.8120950323974082,
            "K227_A_D7": 0.830122591943958,
            "K227_B_D2": 0.7931570762052877,
            "K227_B_D5": 0.811377245508982,
            "K227_B_D8": 0.8708272859216255,
            "K228_A_D1": 0.7169811320754716,
            "K228_A_D4": 0.8612565445026178,
            "K228_A_D7": 0.8052347959969207,
            "K228_B_D2": 0.7857142857142857,
            "K228_B_D5": 0.7186311787072244,
            "K228_B_D8": 0.8101781170483461,
            "K232_A_D4": 0.6132075471698113,
            "K232_A_D7": 0.8166259168704156,
            "K232_B_D2": 0.7551020408163265,
            "K232_B_D5": 0.6863905325443787,
            "K232_B_D8": 0.8335195530726257
        },
        "LGB": {
            "K215_A_D1": 0.8282828282828283,
            "K215_A_D5": 0.8317196864914708,
            "K215_A_D7": 0.8456474030724214,
            "K215_B_D2": 0.8327566320645905,
            "K215_B_D4": 0.8777251184834123,
            "K215_B_D8": 0.9258698940998488,
            "K223_A_D1": 0.924901185770751,
            "K223_A_D4": 0.8890180127832655,
            "K223_A_D7": 0.9165202108963093,
            "K223_B_D2": 0.8858560794044665,
            "K223_B_D5": 0.8844621513944223,
            "K223_B_D8": 0.9058882737795672,
            "K227_A_D1": 0.8744693753790176,
            "K227_A_D4": 0.8329621380846325,
            "K227_A_D7": 0.8357142857142857,
            "K227_B_D2": 0.8481012658227848,
            "K227_B_D5": 0.8455284552845529,
            "K227_B_D8": 0.874251497005988,
            "K228_A_D1": 0.7407407407407407,
            "K228_A_D4": 0.9028727770177839,
            "K228_A_D7": 0.858560794044665,
            "K228_B_D2": 0.7857142857142857,
            "K228_B_D5": 0.8207964601769911,
            "K228_B_D8": 0.8299531981279251,
            "K232_A_D4": 0.7213114754098361,
            "K232_A_D7": 0.8675062972292191,
            "K232_B_D2": 0.7640449438202247,
            "K232_B_D5": 0.7006369426751592,
            "K232_B_D8": 0.8594285714285714
        }
    },
    "oth_features": {
        "LR": {
            "K215_A_D7": 0.23630300142925204,
            "K215_B_D2": 0.1460569295380308,
            "K215_B_D4": 0.37392373923739236,
            "K215_B_D8": 0.35294117647058826,
            "K223_A_D1": 0.04964724327149203,
            "K223_A_D7": 0.3640897755610973,
            "K223_B_D2": 0.25243120215187254,
            "K223_B_D5": 0.22705314009661837,
            "K223_B_D8": 0.32212308396247996,
            "K227_A_D4": 0.06494221243808475,
            "K227_A_D7": 0.09966459032103497,
            "K227_B_D5": 0.14392523364485982,
            "K228_A_D1": 0.011942174732872407,
            "K228_A_D7": 0.18881564958537103,
            "K228_B_D5": 0.14512227895726956,
            "K228_B_D8": 0.31980040825584033,
            "K232_A_D7": 0.2879468646219965,
            "K232_B_D2": 0.017656012176560123,
            "K232_B_D8": 0.14165769644779333
        },
        "SVM": {
            "K215_A_D7": 0.23655402189433603,
            "K215_B_D2": 0.14521759367000234,
            "K215_B_D4": 0.3739362995380501,
            "K215_B_D8": 0.35294117647058826,
            "K223_A_D1": 0.049479166666666664,
            "K223_A_D7": 0.3636018237082067,
            "K223_B_D2": 0.25243120215187254,
            "K223_B_D5": 0.22697512003491924,